productSKU;type;name;class;group;owner;value;default;priceModifier;weightModifier
сп-30;C;Надстройка;;;Yes;Да;No;+4480;
сп-30;C;Надстройка;;;Yes;Нет;No;;
сп-30;C;Тумба;;;Yes;Да;No;+3260;
сп-30;C;Тумба;;;Yes;Нет;No;;
сп-30;C;Подставка;;;Yes;Да;No;+660;
сп-30;C;Подставка;;;Yes;Нет;No;;
сп-80;C;Надстройка;;;Yes;Да;No;+5100;
сп-80;C;Надстройка;;;Yes;Нет;No;;
сп-80;C;Тумба;;;Yes;Да;No;+3260;
сп-80;C;Тумба;;;Yes;Нет;No;;
сп-80;C;Подставка;;;Yes;Да;No;+660;
сп-80;C;Подставка;;;Yes;Нет;No;;
ср-140м;C;Сборка;;;No;Да;No;+950;
ср-140м;C;Сборка;;;No;Нет;No;;
ск-2;C;Сборка;;;No;Да;No;+950;
ск-2;C;Сборка;;;No;Нет;No;;
pekin-1;C;Сборка;;;No;Да;No;+950;
pekin-1;C;Сборка;;;No;Нет;No;;
piter;C;Сборка;;;No;Нет;No;+800;
ск-3;C;Сборка;;;No;Да;No;+950;
ск-3;C;Сборка;;;No;Нет;No;;
ск-3м;C;Сборка;;;No;Да;No;+950;
ск-3м;C;Сборка;;;No;Нет;No;;
ск-4;C;Сборка;;;No;Да;No;+950;
ск-4;C;Сборка;;;No;Нет;No;;
ск-9м;C;Сборка;;;No;Да;No;+950;
ск-9м;C;Сборка;;;No;Нет;No;;
ск-10;C;Сборка;;;No;Да;No;+950;
ск-10;C;Сборка;;;No;Нет;No;;
ск-16;C;Сборка;;;No;Да;No;+950;
ск-16;C;Сборка;;;No;Нет;No;;
ск-16с;C;Сборка;;;No;Да;No;+950;
ск-16с;C;Сборка;;;No;Нет;No;;
ск-28б;C;Сборка;;;No;Да;No;+950;
ск-28б;C;Сборка;;;No;Нет;No;;
сп-30;C;Сборка;;;No;Да;No;+950;
сп-30;C;Сборка;;;No;Нет;No;;
сп-80;C;Сборка;;;No;Да;No;+950;
сп-80;C;Сборка;;;No;Нет;No;;
ср-160м;C;Сборка;;;No;Да;No;+950;
ср-160м;C;Сборка;;;No;Нет;No;;
ср-180;C;Сборка;;;No;Да;No;+950;
ср-180;C;Сборка;;;No;Нет;No;;
ср-240;C;Сборка;;;No;Да;No;+950;
ср-240;C;Сборка;;;No;Нет;No;;
пк-12;C;Сборка;;;No;Нет;No;;
пк-12;C;"Стеклянная дверка";;;Yes;Да;No;+500;
пк-12;C;"Стеклянная дверка";;;Yes;Нет;No;;
пк-14;C;Сборка;;;No;Нет;No;;
пк-14;C;"Стеклянные дверки";;;Yes;Да;No;+900;
пк-14;C;"Стеклянные дверки";;;Yes;Нет;No;;
сб-100;C;Сборка;;;No;Да;No;+950;
сб-100;C;Сборка;;;No;Нет;No;;
сб-200;C;Сборка;;;No;Да;No;+950;
сб-200;C;Сборка;;;No;Нет;No;;
сб-220м;C;Сборка;;;No;Да;No;+950;
сб-220м;C;Сборка;;;No;Нет;No;;
сб-220м;C;"Стеклянные двери";;;Yes;Да;No;+900;
сб-220м;C;"Стеклянные двери";;;Yes;Нет;No;;
тс-1;C;Сборка;;;No;Да;No;+950;
тс-1;C;Сборка;;;No;Нет;No;;
ск-5;C;Сборка;;;No;Да;No;+950;
ск-5;C;Сборка;;;No;Нет;No;;
ск-20;C;Сборка;;;No;Да;No;+950;
ск-20;C;Сборка;;;No;Нет;No;;
ск-41с;C;Сборка;;;No;Нет;No;;
ск-41;C;Сборка;;;No;Да;No;+950;
ск-41;C;Сборка;;;No;Нет;No;;
ск-41;C;Надстройка;;;Yes;Да;No;+4490;
ск-41;C;Надстройка;;;Yes;Нет;No;;
ск-41;C;Тумба;;;Yes;Да;No;+3260;
ск-41;C;Тумба;;;Yes;Нет;No;;
ск-60;C;Сборка;;;No;Да;No;+950;
ск-60;C;Сборка;;;No;Нет;No;;
ск-60;C;"Тумба для стола";;;Yes;Да;No;+3260;
ск-60;C;"Тумба для стола";;;Yes;Нет;No;;
ск-60см;C;Сборка;;;No;Да;No;+950;
ск-60см;C;Сборка;;;No;Нет;No;;
ск-60см;C;Тумба;;;Yes;Да;No;+3260;
ск-60см;C;Тумба;;;Yes;Нет;No;;
скм-10;C;Сборка;;;No;Да;No;+950;
скм-10;C;Сборка;;;No;Нет;No;;
скм-30м;C;Сборка;;;No;Да;No;+950;
скм-30м;C;Сборка;;;No;Нет;No;;
скм-50;C;Сборка;;;No;Да;No;+950;
скм-50;C;Сборка;;;No;Нет;No;;
скм-60;C;Сборка;;;No;Да;No;+950;
скм-60;C;Сборка;;;No;Нет;No;;
ср-130;C;Сборка;;;No;Да;No;+950;
ср-130;C;Сборка;;;No;Нет;No;;
ср-320;C;Сборка;;;No;Да;No;+950;
ср-320;C;Сборка;;;No;Нет;No;;
ср-420;C;Сборка;;;No;Да;No;+950;
ср-420;C;Сборка;;;No;Нет;No;;
сб-10;C;Сборка;;;No;Да;No;+950;
сб-10;C;Сборка;;;No;Нет;No;;
ср-500;C;Сборка;;;No;Да;No;+950%;
ср-500;C;Сборка;;;No;Нет;No;;
сб-20;C;Сборка;;;No;Да;No;+950;
сб-20;C;Сборка;;;No;Нет;No;;
сб-30;C;Сборка;;;No;Да;No;+950;
сб-30;C;Сборка;;;No;Нет;No;;
dakar;C;Сборка;;;No;Нет;No;;
salvador;C;Сборка;;;No;Нет;No;;
oliva-3;C;Сборка;;;No;Нет;No;;
dakar-k;C;Сборка;;;No;Нет;No;;
oliva-2;C;Сборка;;;No;Нет;No;;
kubika;C;Сборка;;;No;Нет;No;;
milan-2;C;Сборка;;;No;Нет;No;;
milan-3;C;Сборка;;;No;Нет;No;;
budapesht-1;C;Сборка;;;No;Нет;No;;
budapesht-po;C;Сборка;;;No;Нет;No;;
budapesh-o;C;Сборка;;;No;Нет;No;;
peshta-1-po;C;Сборка;;;No;Нет;No;;
peshta-02;C;Сборка;;;No;Нет;No;;
peshta-po;C;Сборка;;;No;Нет;No;;
nicca-1;C;Сборка;;;No;Нет;No;;
nicca-2;C;Сборка;;;No;Нет;No;;
asti;C;Сборка;;;No;Нет;No;;
portofino-1;C;Сборка;;;No;Нет;No;;
portofino-2;C;Сборка;;;No;Нет;No;;
shankhai-1;C;Сборка;;;No;Нет;No;;
shankhai-2;C;Сборка;;;No;Нет;No;;
productSKU;type;name;class;group;owner;value;default;priceModifier;weightModifier
ск-2;S;Производитель;;;No;"Россия, Фабрика мебели МЭРДЭС";No;;
ск-2;S;Вес;;;No;"15 кг";No;;
ск-2;S;"Габариты (Ш х Г х В mm)";;;No;"720 х 500 х 1525";No;;
ск-2;S;"Варианты цвета";;;No;Бук;No;;
ск-2;S;"Варианты цвета";;;No;Венге;No;;
ск-2;S;"Варианты цвета";;;No;Карамель;No;;
ск-2;S;"Варианты цвета";;;No;Локарно;No;;
ск-2;S;"Варианты цвета";;;No;Орех;No;;
pekin-1;S;Производитель;;;No;"Россия, Фабрика Кубика";No;;
pekin-1;S;Вес;;;No;7;No;;
pekin-1;S;"Габариты (Ш х Г х В mm)";;;No;"90 х 60";No;;
piter;S;Производитель;;;No;"Россия, Фабрика Кубика";No;;
piter;S;Вес;;;No;"10 кг";No;;
piter;S;"Габариты (Ш х Г х В mm)";;;No;"60 х 80 (120 х 80)";No;;
piter;S;"Варианты цвета";;;No;Вишня;No;;
piter;S;"Варианты цвета";;;No;Орех;No;;
piter;S;"Варианты цвета";;;No;Венге;No;;
piter;S;"Варианты цвета";;;No;"Белый дуб";No;;
piter;S;Ножки;;;Yes;Хром;No;;
piter;S;Ножки;;;Yes;Дерево;No;+1815;
ск-3;S;Производитель;;;No;"Россия, Фабрика мебели МЭРДЭС";No;;
ск-3;S;Вес;;;No;"15 кг";No;;
ск-3;S;"Габариты (Ш х Г х В mm)";;;No;"700 х 500 х 880";No;;
ск-3;S;"Варианты цвета";;;No;Бук;No;;
ск-3;S;"Варианты цвета";;;No;Карамель;No;;
ск-3;S;"Варианты цвета";;;No;Локарно;No;;
ск-3;S;"Варианты цвета";;;No;Венге;No;;
ск-3м;S;Производитель;;;No;"Россия, Фабрика мебели МЭРДЭС";No;;
ск-3м;S;Вес;;;No;"15 кг";No;;
ск-3м;S;"Габариты (Ш х Г х В mm)";;;No;"760 х 460 х 830";No;;
ск-3м;S;"Варианты цвета";;;No;Бук;No;;
ск-3м;S;"Варианты цвета";;;No;Карамель;No;;
ск-3м;S;"Варианты цвета";;;No;Локарно;No;;
ск-3м;S;"Варианты цвета";;;No;Орех;No;;
ск-3м;S;"Варианты цвета";;;No;Венге;No;;
ск-4;S;Производитель;;;No;"Россия, Фабрика мебели МЭРДЭС";No;;
ск-4;S;Вес;;;No;"25 кг";No;;
ск-4;S;"Габариты (Ш х Г х В mm)";;;No;"1140 х 998 х 1470";No;;
ск-4;S;"Варианты цвета";;;No;Бук;No;;
ск-4;S;"Варианты цвета";;;No;Карамель;No;;
ск-4;S;"Варианты цвета";;;No;Лоркано;No;;
ск-4;S;"Варианты цвета";;;No;Венге;No;;
ск-9м;S;Производитель;;;No;"Россия, Фабрика мебели МЭРДЭС";No;;
ск-9м;S;Вес;;;No;"40 кг";No;;
ск-9м;S;"Габариты (Ш х Г х В mm)";;;No;"1100 х 875 х 1840";No;;
ск-9м;S;"Варианты цвета";;;No;Бук;No;;
ск-9м;S;"Варианты цвета";;;No;Карамель;No;;
ск-9м;S;"Варианты цвета";;;No;Лоркано;No;;
ск-9м;S;"Варианты цвета";;;No;Венге;No;;
ск-9м;S;Ориентация;;;Yes;Левосторонняя;No;;
ск-9м;S;Ориентация;;;Yes;Правосторонняя;No;;
ск-10;S;Производитель;;;No;"Россия, Фабрика мебели МЭРДЭС";No;;
ск-10;S;Вес;;;No;"25 кг";No;;
ск-10;S;"Габариты (Ш х Г х В mm)";;;No;"890 х 620 х 1611";No;;
ск-10;S;"Варианты цвета";;;No;Бук;No;;
ск-10;S;"Варианты цвета";;;No;Карамель;No;;
ск-10;S;"Варианты цвета";;;No;Локарно;No;;
ск-10;S;"Варианты цвета";;;No;Венге;No;;
ск-16;S;Производитель;;;No;"Россия, Фабрика мебели МЭРДЭС";No;;
ск-16;S;Вес;;;No;"20 кг";No;;
ск-16;S;"Габариты (Ш х Г х В mm)";;;No;"1000 х 620 х 1695";No;;
ск-16;S;"Варианты цвета";;;No;Бук;No;;
ск-16;S;"Варианты цвета";;;No;Карамель;No;;
ск-16;S;"Варианты цвета";;;No;Локарно;No;;
ск-16;S;"Варианты цвета";;;No;Шамони;No;;
ск-16;S;"Варианты цвета";;;No;Венге;No;;
ск-16;S;Комплектация;;;Yes;"С надстройкой";No;;
ск-16;S;Комплектация;;;Yes;"Стол без надстройки";No;-3490;-5
ск-16с;S;Производитель;;;No;"Россия, Фабрика мебели МЭРДЭС";No;;
ск-16с;S;Вес;;;No;"15 кг";No;;
ск-16с;S;"Габариты (Ш х Г х В mm)";;;No;"1000 х 620 х 795";No;;
ск-16с;S;"Варианты цвета";;;No;Бук;No;;
ск-16с;S;"Варианты цвета";;;No;Карамель;No;;
ск-16с;S;"Варианты цвета";;;No;Лоркано;No;;
ск-16с;S;"Варианты цвета";;;No;Шамони;No;;
ск-16с;S;"Варианты цвета";;;No;Венге;No;;
ск-16с;S;Комплектация;;;Yes;"Стол без надстройки";No;;
ск-16с;S;Комплектация;;;Yes;"Стол с надстройкой";No;+3490;+5
ск-28б;S;Производитель;;;No;"Россия, Фабрика мебели МЭРДЭС";No;;
ск-28б;S;Вес;;;No;"25 кг";No;;
ск-28б;S;"Габариты (Ш х Г х В mm)";;;No;1210х682х1460;No;;
ск-28б;S;"Варианты цвета";;;No;Бук;No;;
ск-28б;S;"Варианты цвета";;;No;Карамель;No;;
ск-28б;S;"Варианты цвета";;;No;Локарно;No;;
ск-28б;S;"Варианты цвета";;;No;Орех;No;;
ск-28б;S;"Варианты цвета";;;No;Венге;No;;
сп-30;S;Производитель;;;No;"Россия, Фабрика мебели МЭРДЭС";No;;
сп-30;S;Вес;;;No;"45 кг";No;;
сп-30;S;"Габариты (Ш х Г х В mm)";;;No;"1200 х 680 х 1670";No;;
сп-30;S;"Варианты цвета";;;No;Бук;No;;
сп-30;S;"Варианты цвета";;;No;Карамель;No;;
сп-30;S;"Варианты цвета";;;No;Локарно;No;;
сп-30;S;"Варианты цвета";;;No;Венге;No;;
сп-80;S;Производитель;;;No;"Россия, Фабрика мебели МЭРДЭС";No;;
сп-80;S;Вес;;;No;"45 кг";No;;
сп-80;S;"Габариты (Ш х Г х В mm)";;;No;"1320 х 700 х 1660";No;;
сп-80;S;"Варианты цвета";;;No;Бук;No;;
сп-80;S;"Варианты цвета";;;No;Карамель;No;;
сп-80;S;"Варианты цвета";;;No;Локарно;No;;
сп-80;S;"Варианты цвета";;;No;Венге;No;;
ср-140м;S;Производитель;;;No;"Россия, Фабрика мебели МЭРДЭС";No;;
ср-140м;S;Вес;;;No;"35 кг";No;;
ср-140м;S;"Габариты (Ш х Г х В mm)";;;No;"1400 х 1160 х 745";No;;
ср-140м;S;"Варианты цвета";;;No;Карамель;No;;
ср-140м;S;"Варианты цвета";;;No;"Карамель + Венге + Карамель";No;;
ср-140м;S;"Варианты цвета";;;No;"Карамель + Венге + Венге";No;;
ср-140м;S;"Варианты цвета";;;No;Локарно;No;;
ср-140м;S;"Варианты цвета";;;No;Венге;No;;
ср-140м;S;"Варианты цвета";;;No;"Венге + Карамель + Карамель";No;;
ср-140м;S;"Варианты цвета";;;No;"Венге + Карамель + Венге";No;;
ср-160м;S;Производитель;;;No;"Россия, Фабрика мебели МЭРДЭС";No;;
ср-160м;S;Вес;;;No;"35 кг";No;;
ср-160м;S;"Габариты (Ш х Г х В mm)";;;No;"1600 x 1160 x 745";No;;
ср-160м;S;"Варианты цвета";;;No;Карамель;No;;
ср-160м;S;"Варианты цвета";;;No;"Карамель + Венге + Карамель";No;;
ср-160м;S;"Варианты цвета";;;No;"Карамель + Венге + Венге";No;;
ср-160м;S;"Варианты цвета";;;No;Локарно;No;;
ср-160м;S;"Варианты цвета";;;No;Венге;No;;
ср-160м;S;"Варианты цвета";;;No;"Венге + Карамель + Карамель";No;;
ср-160м;S;"Варианты цвета";;;No;"Венге + Карамель + Венге";No;;
ср-160м;S;Ориентация;;;Yes;Левосторонняя;No;;
ср-160м;S;Ориентация;;;Yes;Правосторонняя;No;;
ср-140м;S;Ориентация;;;Yes;Левосторонняя;No;;
ср-140м;S;Ориентация;;;Yes;Правосторонняя;No;;
ср-180;S;Производитель;;;No;"Россия, Фабрика мебели МЭРДЭС";No;;
ср-180;S;Вес;;;No;"50 кг";No;;
ср-180;S;"Габариты (Ш х Г х В mm)";;;No;"1320 х 870 х 1918";No;;
ср-180;S;"Варианты цвета";;;No;Бук;No;;
ср-180;S;"Варианты цвета";;;No;Карамель;No;;
ср-180;S;"Варианты цвета";;;No;Локарно;No;;
ср-180;S;"Варианты цвета";;;No;Венге;No;;
ср-180;S;Ориентация;;;Yes;Левосторонняя;No;;
ср-180;S;Ориентация;;;Yes;Правосторонняя;No;;
ср-240;S;Производитель;;;No;"Россия, Фабрика мебели МЭРДЭС";No;;
ср-240;S;Вес;;;No;"40 кг";No;;
ср-240;S;"Габариты (Ш х Г х В mm)";;;No;"1465 х 1290 х 1820";No;;
ср-240;S;"Варианты цвета";;;No;Бук;No;;
ср-240;S;"Варианты цвета";;;No;Карамель;No;;
ср-240;S;"Варианты цвета";;;No;Локарно;No;;
ср-240;S;"Варианты цвета";;;No;Венге;No;;
ср-240;S;Ориентация;;;Yes;Правосторонняя;No;;
ср-240;S;Ориентация;;;Yes;Левосторонняя;No;;
пк-12;S;Производитель;;;No;"Россия, Фабрика мебели МЭРДЭС";No;;
пк-12;S;Вес;;;No;"7 кг";No;;
пк-12;S;"Габариты (Ш х Г х В mm)";;;No;"1020 х 250 х 530";No;;
пк-12;S;"Варианты цвета";;;No;Бук;No;;
пк-12;S;"Варианты цвета";;;No;Карамель;No;;
пк-12;S;"Варианты цвета";;;No;Локарно;No;;
пк-12;S;"Варианты цвета";;;No;Венге;No;;
пк-14;S;Производитель;;;No;"Россия, Фабрика мебели МЭРДЭС";No;;
пк-14;S;Вес;;;No;"10 кг";No;;
пк-14;S;"Габариты (Ш х Г х В mm)";;;No;"1395 х 250 х 630";No;;
пк-14;S;"Варианты цвета";;;No;Бук;No;;
пк-14;S;"Варианты цвета";;;No;Эбони;No;;
пк-14;S;"Варианты цвета";;;No;Карамель;No;;
пк-14;S;"Варианты цвета";;;No;Локарно;No;;
пк-14;S;"Варианты цвета";;;No;Венге;No;;
сб-100;S;Производитель;;;No;"Россия, Фабрика мебели МЭРДЭС";No;;
сб-100;S;Вес;;;No;"10 кг";No;;
сб-100;S;"Габариты (Ш х Г х В mm)";;;No;"912 х 261 х 1936";No;;
сб-100;S;"Варианты цвета";;;No;Бук;No;;
сб-100;S;"Варианты цвета";;;No;Карамель;No;;
сб-100;S;"Варианты цвета";;;No;Локарно;No;;
сб-100;S;"Варианты цвета";;;No;Орех;No;;
сб-100;S;"Варианты цвета";;;No;Венге;No;;
сб-100;S;Ориентация;;;Yes;Левосторонняя;No;;
сб-100;S;Ориентация;;;Yes;Правосторонняя;No;;
сб-200;S;Производитель;;;No;"Россия, Фабрика мебели МЭРДЭС";No;;
сб-200;S;Вес;;;No;"15 кг";No;;
сб-200;S;"Габариты (Ш х Г х В mm)";;;No;"700 х 280 х 1800";No;;
сб-200;S;"Варианты цвета";;;No;Бук;No;;
сб-200;S;"Варианты цвета";;;No;Карамель;No;;
сб-200;S;"Варианты цвета";;;No;Локарно;No;;
сб-200;S;"Варианты цвета";;;No;Венге;No;;
сб-220м;S;Производитель;;;No;"Россия, Фабрика мебели МЭРДЭС";No;;
сб-220м;S;Вес;;;No;"10 кг";No;;
сб-220м;S;"Габариты (Ш х Г х В mm)";;;No;"672 х 380 х 1992";No;;
сб-220м;S;"Варианты цвета";;;No;Карамель;No;;
сб-220м;S;"Варианты цвета";;;No;"Карамель + Венге";No;;
сб-220м;S;"Варианты цвета";;;No;Локарно;No;;
сб-220м;S;"Варианты цвета";;;No;"Венге + Карамель";No;;
тс-1;S;Производитель;;;No;"Россия, Фабрика мебели МЭРДЭС";No;;
тс-1;S;Вес;;;No;"5 кг";No;;
тс-1;S;"Габариты (Ш х Г х В mm)";;;No;"405 х 505 х 640";No;;
тс-1;S;"Варианты цвета";;;No;Бук;No;;
тс-1;S;"Варианты цвета";;;No;Карамель;No;;
тс-1;S;"Варианты цвета";;;No;Локарно;No;;
тс-1;S;"Варианты цвета";;;No;Венге;No;;
ск-5;S;Производитель;;;No;"Россия, Фабрика мебели МЭРДЭС";No;;
ск-5;S;Вес;;;No;"10 кг";No;;
ск-5;S;"Габариты (Ш х Г х В mm)";;;No;"820 х 530 х 795";No;;
ск-5;S;"Варианты цвета";;;No;Карамель;No;;
ск-5;S;"Варианты цвета";;;No;"Карамель + Венге";No;;
ск-5;S;"Варианты цвета";;;No;Венге;No;;
ск-5;S;"Варианты цвета";;;No;"Венге + Карамель";No;;
ск-20;S;Производитель;;;No;"Россия, Фабрика мебели МЭРДЭС";No;;
ск-20;S;Вес;;;No;"15 кг";No;;
ск-20;S;"Габариты (Ш х Г х В mm)";;;No;"1050 х 850 х 1740";No;;
ск-20;S;"Варианты цвета";;;No;Карамель;No;;
ск-20;S;"Варианты цвета";;;No;"Карамель + Венге";No;;
ск-20;S;"Варианты цвета";;;No;Венге;No;;
ск-20;S;"Варианты цвета";;;No;"Венге + Карамель";No;;
ск-20;S;Ориентация;;;Yes;Левосторонняя;No;;
ск-20;S;Ориентация;;;Yes;Правосторонняя;No;;
ск-41с;S;Производитель;;;No;"Россия, Фабрика мебели МЭРДЭС";No;;
ск-41с;S;Вес;;;No;"7 кг";No;;
ск-41с;S;"Габариты (Ш х Г х В mm)";;;No;"1254 х 700 х 800";No;;
ск-41с;S;"Варианты цвета";;;No;Карамель;No;;
ск-41с;S;"Варианты цвета";;;No;"Карамель + Венге";No;;
ск-41с;S;"Варианты цвета";;;No;Венге;No;;
ск-41с;S;"Варианты цвета";;;No;"Венге + Карамель";No;;
ск-41;S;Производитель;;;No;"Россия, Фабрика мебели МЭРДЭС";No;;
ск-41;S;Вес;;;No;"15 кг";No;;
ск-41;S;"Габариты (Ш х Г х В mm)";;;No;"1254 х 700 х 1710";No;;
ск-41;S;"Варианты цвета";;;No;Карамель;No;;
ск-41;S;"Варианты цвета";;;No;"Карамель + Венге";No;;
ск-41;S;"Варианты цвета";;;No;Венге;No;;
ск-41;S;"Варианты цвета";;;No;"Венге + Карамель";No;;
ск-60;S;Производитель;;;No;"Россия, Фабрика мебели МЭРДЭС";No;;
ск-60;S;Вес;;;No;"15 кг";No;;
ск-60;S;"Габариты (Ш х Г х В mm)";;;No;"1200 х 700 х 1670";No;;
ск-60;S;"Варианты цвета";;;No;Карамель;No;;
ск-60;S;"Варианты цвета";;;No;"Карамель + Венге";No;;
ск-60;S;"Варианты цвета";;;No;Венге;No;;
ск-60;S;"Варианты цвета";;;No;"Венге + Карамель";No;;
ск-60см;S;Производитель;;;No;"Россия, Фабрика мебели МЭРДЭС";No;;
ск-60см;S;Вес;;;No;"15 кг";No;;
ск-60см;S;"Габариты (Ш х Г х В mm)";;;No;"1200 х 700 х 800";No;;
ск-60см;S;"Варианты цвета";;;No;"Карамель + Венге";No;;
ск-60см;S;"Варианты цвета";;;No;"Венге + Карамель";No;;
скм-10;S;Производитель;;;No;"Россия, Фабрика мебели МЭРДЭС";No;;
скм-10;S;Вес;;;No;"15 кг";No;;
скм-10;S;"Габариты (Ш х Г х В mm)";;;No;"800 х 600 х 1630";No;;
скм-10;S;"Варианты цвета";;;No;Карамель;No;;
скм-10;S;"Варианты цвета";;;No;"Карамель + Венге";No;;
скм-10;S;"Варианты цвета";;;No;Венге;No;;
скм-10;S;"Варианты цвета";;;No;"Венге + Карамель";No;;
скм-30м;S;Производитель;;;No;"Россия, Фабрика мебели МЭРДЭС";No;;
скм-30м;S;Вес;;;No;"15 кг";No;;
скм-30м;S;"Габариты (Ш х Г х В mm)";;;No;"895 х 650 х 1650";No;;
скм-30м;S;"Варианты цвета";;;No;"Венге + Карамель";No;;
скм-30м;S;"Варианты цвета";;;No;Карамель;No;;
скм-30м;S;"Варианты цвета";;;No;"Венге + Карамель";No;;
скм-30м;S;"Варианты цвета";;;No;Венге;No;;
скм-50;S;Производитель;;;No;"Россия, Фабрика мебели МЭРДЭС";No;;
скм-50;S;Вес;;;No;"15 кг";No;;
скм-50;S;"Габариты (Ш х Г х В mm)";;;No;"1100 х 620 х 765";No;;
скм-50;S;"Варианты цвета";;;No;Карамель;No;;
скм-50;S;"Варианты цвета";;;No;"Карамель + Венге";No;;
скм-50;S;"Варианты цвета";;;No;Венге;No;;
скм-50;S;"Варианты цвета";;;No;"Венге + Карамель";No;;
скм-50;S;Ориентация;;;Yes;Левосторонняя;No;;
скм-50;S;Ориентация;;;Yes;Правосторонняя;No;;
скм-60;S;Производитель;;;No;"Россия, Фабрика мебели МЭРДЭС";No;;
скм-60;S;Вес;;;No;"15 кг";No;;
скм-60;S;"Габариты (Ш х Г х В mm)";;;No;"1200 х 780 х 1450";No;;
скм-60;S;"Варианты цвета";;;No;Карамель;No;;
скм-60;S;"Варианты цвета";;;No;"Карамель + Венге";No;;
скм-60;S;"Варианты цвета";;;No;Венге;No;;
скм-60;S;"Варианты цвета";;;No;"Венге + Карамель";No;;
скм-60;S;Ориентация;;;Yes;Левосторонняя;No;;
скм-60;S;Ориентация;;;Yes;Правосторонняя;No;;
ср-130;S;Производитель;;;No;"Россия, Фабрика мебели МЭРДЭС";No;;
ср-130;S;Вес;;;No;"25 кг";No;;
ср-130;S;"Габариты (Ш х Г х В mm)";;;No;"1010 х 1300 х 1785";No;;
ср-130;S;"Варианты цвета";;;No;Карамель;No;;
ср-130;S;"Варианты цвета";;;No;"Карамель + Венге";No;;
ср-130;S;"Варианты цвета";;;No;Венге;No;;
ср-130;S;"Варианты цвета";;;No;"Венге + Карамель";No;;
ср-130;S;Ориентация;;;Yes;Левосторонняя;No;;
ср-130;S;Ориентация;;;Yes;Правосторонняя;No;;
ср-320;S;Производитель;;;No;"Россия, Фабрика мебели МЭРДЭС";No;;
ср-320;S;Вес;;;No;"25 кг";No;;
ср-320;S;"Габариты (Ш х Г х В mm)";;;No;"1345 х 890 х 1955";No;;
ср-320;S;"Варианты цвета";;;No;Карамель;No;;
ср-320;S;"Варианты цвета";;;No;"Карамель + Венге";No;;
ср-320;S;"Варианты цвета";;;No;Венге;No;;
ср-320;S;"Варианты цвета";;;No;"Венге + Карамель";No;;
ср-320;S;Ориентация;;;Yes;Левосторонняя;No;;
ср-320;S;Ориентация;;;Yes;Правосторонняя;No;;
ср-420;S;Производитель;;;No;"Россия, Фабрика мебели МЭРДЭС";No;;
ср-420;S;Вес;;;No;"35 кг";No;;
ср-420;S;"Габариты (Ш х Г х В mm)";;;No;"1300 x 1300 x 1990";No;;
ср-420;S;"Варианты цвета";;;No;Карамель;No;;
ср-420;S;"Варианты цвета";;;No;"Карамель + Венге + Карамель";No;;
ср-420;S;"Варианты цвета";;;No;"Карамель + Венге + Венге";No;;
ср-420;S;"Варианты цвета";;;No;Венге;No;;
ср-420;S;"Варианты цвета";;;No;"Венге + Карамель + Венге";No;;
ср-420;S;"Варианты цвета";;;No;"Венге + Карамель + Карамель";No;;
ср-420;S;"Варианты длины столешницы";;;Yes;"Столешница 1300мм";No;;
ср-420;S;"Варианты длины столешницы";;;Yes;"Столешница 1500мм";No;+310;
ср-420;S;"Варианты длины столешницы";;;Yes;"Столешница 1700мм";No;+610;
ср-420;S;Ориентация;;;Yes;Левосторонняя;No;;
ср-420;S;Ориентация;;;Yes;Правосторонняя;No;;
сб-10;S;Производитель;;;No;"Россия, Фабрика мебели МЭРДЭС";No;;
сб-10;S;Вес;;;No;"15 кг";No;;
сб-10;S;"Габариты (Ш х Г х В mm)";;;No;"700 х 300 х 1785";No;;
сб-10;S;"Варианты цвета";;;No;Карамель;No;;
сб-10;S;"Варианты цвета";;;No;"Карамель + Венге";No;;
сб-10;S;"Варианты цвета";;;No;Венге;No;;
сб-10;S;"Варианты цвета";;;No;"Венге + Карамель";No;;
сб-10;S;"Варианты комплектации";;;Yes;"СБ-10\1 (1 модуль, высота 405 мм)";No;-4000;
сб-10;S;"Варианты комплектации";;;Yes;"СБ-10\2 (2 модуля, высота 750 мм)";No;-3000;
сб-10;S;"Варианты комплектации";;;Yes;"СБ-10\3 (3 модуля, высота 1095 мм)";No;-2000;
сб-10;S;"Варианты комплектации";;;Yes;"СБ-10\4 (4 модуля, высота 1440 мм)";No;-1000;
сб-10;S;"Варианты комплектации";;;Yes;"СБ-10\5 (5 модулей, высота 1785 мм)";No;;
сб-10;S;"Варианты комплектации";;;Yes;"СБ-10\6 (6 модулей, высота 2130 мм)";No;+1000;
ср-500;S;Производитель;;;No;"Россия, Фабрика мебели МЭРДЭС";No;;
ср-500;S;Вес;;;No;"25 кг";No;;
ср-500;S;"Габариты (Ш х Г х В mm)";;;No;"1300 х 1400 х 1985";No;;
ср-500;S;"Варианты цвета";;;No;"Слива валис";No;;
ср-500;S;Ориентация;;;Yes;Правосторонняя;No;;
ср-500;S;Ориентация;;;Yes;Левосторонняя;No;;
ср-500;S;"Варианты столешницы";;;Yes;"Столешница 1400мм";No;;
ср-500;S;"Варианты столешницы";;;Yes;"Столешница 1600мм";No;+250;
сб-20;S;Производитель;;;No;"Россия, Фабрика мебели МЭРДЭС";No;;
сб-20;S;Вес;;;No;"15 кг";No;;
сб-20;S;"Габариты (Ш х Г х В mm)";;;No;"901 х 355 х 1785";No;;
сб-20;S;"Варианты цвета";;;No;Карамель;No;;
сб-20;S;"Варианты цвета";;;No;"Карамель + Венге";No;;
сб-20;S;"Варианты цвета";;;No;"Венге + Карамель";No;;
сб-20;S;"Варианты цвета";;;No;Венге;No;;
сб-30;S;Производитель;;;No;"Россия, Фабрика мебели МЭРДЭС";No;;
сб-30;S;Вес;;;No;"20 кг";No;;
сб-30;S;"Габариты (Ш х Г х В mm)";;;No;"890 х 360 х 1785";No;;
сб-30;S;"Варианты цвета";;;No;Карамель;No;;
сб-30;S;"Варианты цвета";;;No;"Карамель + Венге";No;;
сб-30;S;"Варианты цвета";;;No;Венге;No;;
сб-30;S;"Варианты цвета";;;No;"Венге + Карамель";No;;
сб-30;S;"Варианты комплектаций";;;Yes;"СБ-30\1 (1 модуль, высота 405мм)";No;-8120;
сб-30;S;"Варианты комплектаций";;;Yes;"СБ-30\2 (2 модуля, высота 750мм)";No;-6090;
сб-30;S;"Варианты комплектаций";;;Yes;"СБ-30\3 (3 модуля, высота 1095мм)";No;-4060;
сб-30;S;"Варианты комплектаций";;;Yes;"СБ-30\4 (4 модуля, высота 1440мм)";No;-2030;
сб-30;S;"Варианты комплектаций";;;Yes;"СБ-30\5 (5 модулей, высота 1785мм)";No;;
сб-30;S;"Варианты комплектаций";;;Yes;"СБ-30\6 (6 модулей, высота 2130мм)";No;+2030;
dakar;S;Производитель;;;No;"Россия, Фабрика Кубика";No;;
dakar;S;"Варианты цвета";;;No;Вишня;No;;
dakar;S;"Варианты цвета";;;No;Венге;No;;
dakar;S;"Варианты цвета";;;No;"Белый дуб";No;;
dakar;S;"Варианты цвета";;;No;Серебро;No;;
dakar;S;"Размеры столешницы";;;Yes;"Дакар-1 (110х70 мм)";No;;
dakar;S;"Размеры столешницы";;;Yes;"Дакар-2 (120х80 мм)";No;+165;
salvador;S;Производитель;;;No;"Россия, Фабрика Кубика";No;;
salvador;S;"Варианты цвета";;;No;Венге;No;;
salvador;S;"Варианты цвета";;;No;"Белый дуб";No;;
dakar;S;"Комплект со стульями";;;Yes;"только стол";No;;
dakar;S;"Комплект со стульями";;;Yes;"+2 стула Олива-3";No;+4802;
oliva-3;S;Производитель;;;No;"Россия, Фабрика Кубика";No;;
oliva-3;S;"Габариты (Ш х Г х В mm)";;;No;"53 х 48 х 85";No;;
oliva-3;S;"Варианты цвета";;;No;К01;No;;
oliva-3;S;"Варианты цвета";;;No;К02;No;;
oliva-3;S;"Варианты цвета";;;No;К03;No;;
oliva-3;S;"Варианты цвета";;;No;К04;No;;
oliva-3;S;"Варианты цвета";;;No;К05;No;;
oliva-3;S;"Варианты цвета";;;No;К06;No;;
oliva-3;S;"Варианты цвета";;;No;К07;No;;
oliva-3;S;"Варианты цвета";;;No;К11;No;+1200;
oliva-3;S;"Варианты цвета";;;No;К12;No;+1200;
oliva-3;S;"Варианты цвета";;;No;К15;No;+1200;
oliva-3;S;"Варианты цвета";;;No;К16;No;+1200;
oliva-3;S;"Варианты цвета";;;No;К17;No;+1200;
oliva-3;S;"Варианты цвета";;;No;К18;No;+1200;
oliva-3;S;"Варианты цвета";;;No;К19;No;+1200;
oliva-3;S;"Варианты цвета";;;No;К20;No;+1200;
dakar;S;"Комплект со стульями";;;Yes;"+4 стула Олива-3";No;+9405;
piter;S;"Комплект со стульями";;;Yes;"Только стол";No;;
piter;S;"Комплект со стульями";;;Yes;"+2 стула Олива-3";No;+5385;
piter;S;"Комплект со стульями";;;Yes;"+4 стула Олива-3";No;+10545;
oliva-3;S;Комплектация;;;Yes;"Продается только в комплекте 4 шт.";No;;
dakar-k;S;Производитель;;;No;"Россия, Фабрика Кубика";No;;
dakar-k;S;Вес;;;No;"15 кг";No;;
dakar-k;S;"Варианты цвета";;;No;"Белый дуб";No;;
dakar-k;S;"Варианты цвета";;;No;Вишня;No;;
dakar-k;S;"Варианты цвета";;;No;Венге;No;;
dakar-k;S;"Варианты цвета";;;No;Серебро;No;;
oliva-2;S;Производитель;;;No;"Россия, Фабрика Кубика";No;;
oliva-2;S;Вес;;;No;"7 кг";No;;
oliva-2;S;"Габариты (Ш х Г х В mm)";;;No;"58 х 48 х 85";No;;
oliva-2;S;"Варианты цвета";;;No;К01;No;;
oliva-2;S;"Варианты цвета";;;No;К02;No;;
oliva-2;S;"Варианты цвета";;;No;К03;No;;
oliva-2;S;"Варианты цвета";;;No;К04;No;;
oliva-2;S;"Варианты цвета";;;No;К05;No;;
oliva-2;S;"Варианты цвета";;;No;К06;No;;
oliva-2;S;"Варианты цвета";;;No;К07;No;;
oliva-2;S;"Варианты цвета";;;No;К12;No;+1200;
oliva-2;S;"Варианты цвета";;;No;К15;No;+1200;
oliva-2;S;"Варианты цвета";;;No;К16;No;+1200;
oliva-2;S;"Варианты цвета";;;No;К18;No;+1200;
oliva-2;S;"Варианты цвета";;;No;К19;No;+1200;
oliva-2;S;"Варианты цвета";;;No;К20;No;+1200;
dakar-k;S;"Комплект со стульями";;;Yes;"Только стол";No;;
dakar-k;S;"Комплект со стульями";;;Yes;"+2 стула Олива-2";No;+4802;
dakar-k;S;"Комплект со стульями";;;Yes;"+4 стула Олива-2";No;+9405;
kubika;S;Производитель;;;No;"Россия, Фабрика Кубика";No;;
kubika;S;Вес;;;No;"15 кг";No;;
kubika;S;"Варианты цвета";;;No;Орех;No;;
kubika;S;"Варианты цвета";;;No;Венге;No;;
kubika;S;"Варианты цвета";;;No;Вишня;No;;
kubika;S;"Варианты цвета";;;No;"Белый дуб";No;;
kubika;S;"Комплект со стульями";;;Yes;"Только стол";No;;
kubika;S;"Комплект со стульями";;;Yes;"+2 стула Олива-3";No;+4802;
kubika;S;"Комплект со стульями";;;Yes;"+4 стула Олива-3";No;+9405;
kubika;S;Ножки;;;Yes;Хром;No;;
kubika;S;Ножки;;;Yes;Дерево;No;+1815;
milan-2;S;Производитель;;;No;"Россия, Фабрика Кубика";No;;
milan-2;S;Вес;;;No;"15 кг";No;;
milan-2;S;"Варианты цвета";;;No;Орех;No;;
milan-2;S;"Варианты цвета";;;No;Венге;No;;
milan-2;S;"Варианты цвета";;;No;Вишня;No;;
milan-2;S;"Варианты цвета";;;No;"Белый дуб";No;;
milan-2;S;Ножки;;;Yes;Хром;No;;
milan-2;S;Ножки;;;Yes;Дерево;No;+1815;
milan-2;S;"Комплект со стульями";;;Yes;"Только стол";No;;
milan-2;S;"Комплект со стульями";;;Yes;"+2 стула Олива-3";No;+4802;
milan-2;S;"Комплект со стульями";;;Yes;"+4 стула Олива-3";No;+9405;
milan-3;S;Производитель;;;No;"Россия, Фабрика Кубика";No;;
milan-3;S;Вес;;;No;"15 кг";No;;
milan-3;S;"Варианты цвета";;;No;Орех;No;;
milan-3;S;"Варианты цвета";;;No;Венге;No;;
milan-3;S;"Варианты цвета";;;No;Вишня;No;;
milan-3;S;"Варианты цвета";;;No;"Белый дуб";No;;
milan-3;S;Ножки;;;Yes;Хром;No;;
milan-3;S;Ножки;;;Yes;Дерево;No;+1815;
milan-3;S;"Комплект со стульями";;;Yes;"Только стол";No;;
milan-3;S;"Комплект со стульями";;;Yes;"+2 стула Олива-3";No;+4802;
milan-3;S;"Комплект со стульями";;;Yes;"+4 стула Олива-3";No;+9405;
budapesht-1;S;Производитель;;;No;"Россия, Фабрика Кубика";No;;
budapesht-1;S;Вес;;;No;"15 кг";No;;
budapesht-1;S;"Варианты цвета";;;No;Вишня;No;;
budapesht-1;S;"Варианты цвета";;;No;Венге;No;;
budapesht-1;S;"Варианты цвета";;;No;"Белый дуб";No;;
budapesht-1;S;"Варианты цвета";;;No;Серебро;No;;
budapesht-1;S;"Варианты цвета";;;No;Орех;No;;
budapesht-1;S;Ножки;;;Yes;Хром;No;;
budapesht-1;S;Ножки;;;Yes;Дерево;No;+825;
budapesht-po;S;Производитель;;;No;"Россия, Фабрика Кубика";No;;
budapesht-po;S;Вес;;;No;"15 кг";No;;
budapesht-po;S;"Варианты цвета";;;No;Вишня;No;;
budapesht-po;S;"Варианты цвета";;;No;Венге;No;;
budapesht-po;S;"Варианты цвета";;;No;"Белый дуб";No;;
budapesht-po;S;"Варианты цвета";;;No;Серебро;No;;
budapesht-po;S;"Варианты цвета";;;No;Орех;No;;
budapesht-po;S;Ножки;;;Yes;Хром;No;;
budapesht-po;S;Ножки;;;Yes;Дерево;No;+825;
budapesh-o;S;Производитель;;;No;"Россия, Фабрика Кубика";No;;
budapesh-o;S;Вес;;;No;"15 кг";No;;
budapesh-o;S;"Варианты цвета";;;No;Вишня;No;;
budapesh-o;S;"Варианты цвета";;;No;Венге;No;;
budapesh-o;S;"Варианты цвета";;;No;"Белый дуб";No;;
budapesh-o;S;"Варианты цвета";;;No;Серебро;No;;
budapesh-o;S;"Варианты цвета";;;No;Орех;No;;
budapesh-o;S;Ножки;;;Yes;Хром;No;;
budapesh-o;S;Ножки;;;Yes;Дерево;No;+825;
oliva-2;S;Комплектация;;;Yes;"Продается только в комплекте 4 шт";No;;
peshta-1-po;S;Производитель;;;No;"Россия, Фабрика Кубика";No;;
peshta-1-po;S;Вес;;;No;"15 кг";No;;
peshta-1-po;S;"Варианты цвета";;;No;Вишня;No;;
peshta-1-po;S;"Варианты цвета";;;No;Венге;No;;
peshta-1-po;S;"Варианты цвета";;;No;"Белый дуб";No;;
peshta-1-po;S;"Варианты цвета";;;No;Серебро;No;;
peshta-1-po;S;"Варианты цвета";;;No;Орех;No;;
peshta-1-po;S;Ножки;;;Yes;Хром;No;;
peshta-1-po;S;Ножки;;;Yes;Дерево;No;+825;
peshta-02;S;Производитель;;;No;"Россия, Фабрика Кубика";No;;
peshta-02;S;Вес;;;No;"15 кг";No;;
peshta-02;S;"Варианты цвета";;;No;Вишня;No;;
peshta-02;S;"Варианты цвета";;;No;Венге;No;;
peshta-02;S;"Варианты цвета";;;No;"Белый дуб";No;;
peshta-02;S;"Варианты цвета";;;No;Серебро;No;;
peshta-02;S;"Варианты цвета";;;No;Ореъ;No;;
peshta-02;S;Ножки;;;Yes;Хром;No;;
peshta-02;S;Ножки;;;Yes;Дерево;No;+825;
peshta-po;S;Производитель;;;No;"Россия, Фабрика Кубика";No;;
peshta-po;S;Вес;;;No;"15 кг";No;;
peshta-po;S;"Варианты цвета";;;No;Вишня;No;;
peshta-po;S;"Варианты цвета";;;No;Венге;No;;
peshta-po;S;"Варианты цвета";;;No;"Белый дуб";No;;
peshta-po;S;"Варианты цвета";;;No;Серебро;No;;
peshta-po;S;"Варианты цвета";;;No;Орех;No;;
peshta-po;S;Ножки;;;Yes;Хром;No;;
peshta-po;S;Ножки;;;Yes;Дерево;No;+825;
peshta-po;S;"Плитка / Планка спинки";;;Yes;"арт. 2105";No;;
peshta-po;S;"Плитка / Планка спинки";;;Yes;"арт. 2109";No;;
peshta-po;S;"Плитка / Планка спинки";;;Yes;"арт. 2126";No;;
peshta-02;S;"Плитка / Планка спинки";;;Yes;"арт. 2105";No;;
peshta-02;S;"Плитка / Планка спинки";;;Yes;"арт. 2109";No;;
peshta-02;S;"Плитка / Планка спинки";;;Yes;"арт. 2126";No;;
peshta-1-po;S;"Плитка / Планка спинки";;;Yes;"арт. 2105";No;;
peshta-1-po;S;"Плитка / Планка спинки";;;Yes;"арт. 2106";No;;
peshta-1-po;S;"Плитка / Планка спинки";;;Yes;"арт. 2126";No;;
budapesht-1;S;"Плитка / Планка спинки";;;Yes;"арт. 7059";No;;
budapesht-1;S;"Плитка / Планка спинки";;;Yes;"арт. 7016";No;;
budapesht-1;S;"Плитка / Планка спинки";;;Yes;"арт. 7014";No;;
budapesh-o;S;"Плитка / Планка спинки";;;Yes;"арт. 7059";No;;
budapesh-o;S;"Плитка / Планка спинки";;;Yes;"арт. 7016";No;;
budapesh-o;S;"Плитка / Планка спинки";;;Yes;"арт. 7014";No;;
budapesht-po;S;"Плитка / Планка спинки";;;Yes;"арт. 7059";No;;
budapesht-po;S;"Плитка / Планка спинки";;;Yes;"арт. 7016";No;;
budapesht-po;S;"Плитка / Планка спинки";;;Yes;"арт. 7014";No;;
nicca-1;S;Производитель;;;No;"Россия, Фабрика Кубика";No;;
nicca-1;S;Вес;;;No;"15 кг";No;;
nicca-1;S;"Варианты цвета";;;No;"Стекло песочное \ Венге";No;;
nicca-1;S;"Варианты цвета";;;No;"Стекло оранжевое \ Венге";No;;
nicca-1;S;"Варианты цвета";;;No;"Стекло темно-коричневое \ Венге";No;;
nicca-1;S;"Варианты цвета";;;No;"Стекло песочное \ Белый дуб";No;;
nicca-1;S;"Варианты цвета";;;No;"Стекло оранжевое \ Белый дуб";No;;
nicca-1;S;"Варианты цвета";;;No;"Стекло темно-коричневое \ Белый дуб";No;;
nicca-1;S;"Варианты цвета";;;No;"Стекло белое \ Белый";No;;
nicca-1;S;"Варианты цвета";;;No;"Стекло серебро \ Серебро";No;;
nicca-1;S;Ножки;;;Yes;Хром;No;;
nicca-1;S;Ножки;;;Yes;Дерево;No;+825;
nicca-2;S;Производитель;;;No;"Россия, Фабрика Кубика";No;;
nicca-2;S;Вес;;;No;"15 кг";No;;
nicca-2;S;"Варианты цвета";;;No;"Стекло песочное \ Венге";No;;
nicca-2;S;"Варианты цвета";;;No;"Стекло оранжевое \ Венге";No;;
nicca-2;S;"Варианты цвета";;;No;"Стекло темно-коричневое \ Венге";No;;
nicca-2;S;"Варианты цвета";;;No;"Стекло песочное \ Белый дуб";No;;
nicca-2;S;"Варианты цвета";;;No;"Стекло оранжевое \ Белый дуб";No;;
nicca-2;S;"Варианты цвета";;;No;"Стекло темно-коричневое \ Белый дуб";No;;
nicca-2;S;"Варианты цвета";;;No;"Стекло белое \ Белый";No;;
nicca-2;S;"Варианты цвета";;;No;"Стекло серебро \ Серебро";No;;
nicca-2;S;Ножки;;;Yes;Хром;No;;
nicca-2;S;Ножки;;;Yes;Дерево;No;+825;
asti;S;Производитель;;;No;"Россия, Фабрика Кубика";No;;
asti;S;Вес;;;No;"4 кг";No;;
asti;S;"Габариты (Ш х Г х В mm)";;;No;"53 х 48 х 85";No;;
asti;S;"Варианты цвета";;;No;К01;No;;
asti;S;"Варианты цвета";;;No;К02;No;;
asti;S;"Варианты цвета";;;No;К03;No;;
asti;S;"Варианты цвета";;;No;К04;No;;
asti;S;"Варианты цвета";;;No;К05;No;;
asti;S;"Варианты цвета";;;No;К06;No;;
asti;S;"Варианты цвета";;;No;К07;No;;
asti;S;"Варианты цвета";;;No;К12;No;+1140;
asti;S;"Варианты цвета";;;No;К15;No;+1140;
asti;S;"Варианты цвета";;;No;К16;No;+1140;
asti;S;"Варианты цвета";;;No;К18;No;+1140;
asti;S;"Варианты цвета";;;No;К19;No;+1140;
asti;S;"Варианты цвета";;;No;К20;No;+1140;
portofino-1;S;Производитель;;;No;"Россия, Фабрика Кубика";No;;
portofino-1;S;Вес;;;No;"15 кг";No;;
portofino-1;S;"Варианты цвета";;;No;"Стекло белое \ Белый";No;+825;
portofino-1;S;"Варианты цвета";;;No;"Стекло черное \ Белый";No;;
portofino-1;S;"Варианты цвета";;;No;"Стекло оранжевое \ Венге";No;;
portofino-1;S;"Варианты цвета";;;No;"Стекло песочное \ Венге";No;;
portofino-1;S;"Варианты цвета";;;No;"Стекло оранжевое \ Венге";No;;
portofino-1;S;"Варианты цвета";;;No;"Стекло темно-коричневое \ Белый дуб";No;;
portofino-1;S;"Варианты цвета";;;No;"Стекло песочное \ Белый дуб";No;;
portofino-1;S;"Варианты цвета";;;No;"Стекло оранжевое \ Белый дуб";No;;
portofino-1;S;Ножки;;;Yes;Хром;No;;
portofino-1;S;Ножки;;;Yes;Дерево;No;+825;
portofino-1;S;"Комплект со стульями";;;Yes;"Только стол";No;;
portofino-1;S;"Комплект со стульями";;;Yes;"+2 стула Олива-2";No;+4802;
portofino-1;S;"Комплект со стульями";;;Yes;"+4 стула Олива-2";No;+9405;
portofino-1;S;"Комплект со стульями";;;Yes;"+2 стула Асти";No;+6373;
portofino-1;S;"Комплект со стульями";;;Yes;"+4 стула Асти";No;+12483;
portofino-2;S;Производитель;;;No;"Россия, Фабрика Кубика";No;;
portofino-2;S;Вес;;;No;"15 кг";No;;
portofino-2;S;"Варианты цвета";;;No;"Стекло белое \ Белый";No;+825;
portofino-2;S;"Варианты цвета";;;No;"Стекло черное \ Белый";No;;
portofino-2;S;"Варианты цвета";;;No;"Стекло оранжевое \ Венге";No;;
portofino-2;S;"Варианты цвета";;;No;"Стекло песочное \ Венге";No;;
portofino-2;S;"Варианты цвета";;;No;"Стекло темно-коричневое \ Белый дуб";No;;
portofino-2;S;"Варианты цвета";;;No;"Стекло песочное \ Белый дуб";No;;
portofino-2;S;"Варианты цвета";;;No;"Стекло оранжевое \ Белый дуб";No;;
portofino-2;S;Ножки;;;Yes;Хром;No;;
portofino-2;S;Ножки;;;Yes;Дерево;No;+825;
portofino-2;S;"Комплект со стульями";;;Yes;"Только стол";No;;
portofino-2;S;"Комплект со стульями";;;Yes;"+2 стула Олива-2";No;+4802;
portofino-2;S;"Комплект со стульями";;;Yes;"+4 стула Олива-2";No;+9405;
portofino-2;S;"Комплект со стульями";;;Yes;"+2 стула Асти";No;+6373;
portofino-2;S;"Комплект со стульями";;;Yes;"+4 стула Асти";No;+12483;
shankhai-1;S;Производитель;;;No;"Россия, Фабрика Кубика";No;;
shankhai-1;S;Вес;;;No;"15 кг";No;;
shankhai-1;S;"Варианты цвета";;;No;"Стекло белое \ Белый";No;;
shankhai-1;S;"Варианты цвета";;;No;"Стекло черное \ Белый";No;;
shankhai-1;S;"Варианты цвета";;;No;"Стекло оранжевое \ Венге";No;;
shankhai-1;S;"Варианты цвета";;;No;"Стекло песочное \ Венге";No;;
shankhai-1;S;"Варианты цвета";;;No;"Стекло темно-коричневое \ Белый дуб";No;;
shankhai-1;S;"Варианты цвета";;;No;"Стекло песочное \ Белый дуб";No;;
shankhai-1;S;"Варианты цвета";;;No;"Стекло оранжевое \ Белый дуб";No;;
shankhai-1;S;"Комплект со стульями";;;Yes;"Только стол";No;;
shankhai-1;S;"Комплект со стульями";;;Yes;"+2 стула Олива-2";No;+4802;
shankhai-1;S;"Комплект со стульями";;;Yes;"+4 стула Олива-2";No;+9405;
shankhai-1;S;"Комплект со стульями";;;Yes;"+2 стула Асти";No;+6373;
shankhai-1;S;"Комплект со стульями";;;Yes;"+4 стула Асти";No;+12483;
shankhai-1;S;"Габариты (Ш х Г х В mm)";;;No;"60 х 90 х 75";No;;
shankhai-1;S;"Варианты цвета";;;No;"Стекло темно-коричневое \ Венге";No;;
shankhai-2;S;Производитель;;;No;"Россия, Фабрика Кубика";No;;
shankhai-2;S;Вес;;;No;"15 кг";No;;
shankhai-2;S;"Варианты цвета";;;No;"Стекло белое \ Белый";No;;
shankhai-2;S;"Варианты цвета";;;No;"Стекло черное \ Белый";No;;
shankhai-2;S;"Варианты цвета";;;No;"Стекло оранжевое \ Венге";No;;
shankhai-2;S;"Варианты цвета";;;No;"Стекло песочное \ Венге";No;;
shankhai-2;S;"Варианты цвета";;;No;"Стекло темно-коричневое \ Белый дуб";No;;
shankhai-2;S;"Варианты цвета";;;No;"Стекло песочное \ Белый дуб";No;;
shankhai-2;S;"Варианты цвета";;;No;"Стекло оранжевое \ Белый дуб";No;;
shankhai-2;S;"Габариты (Ш х Г х В mm)";;;No;"70 х 105 х 75";No;;
shankhai-2;S;"Варианты цвета";;;No;"Стекло темно-коричневое \ Венге";No;;
shankhai-2;S;"Комплект со стульями";;;Yes;"Только стол";No;;
shankhai-2;S;"Комплект со стульями";;;Yes;"+2 стула Олива-2";No;+4802;
shankhai-2;S;"Комплект со стульями";;;Yes;"+4 стула Олива-2";No;+9405;
shankhai-2;S;"Комплект со стульями";;;Yes;"+2 стула Асти";No;+6373;
shankhai-2;S;"Комплект со стульями";;;Yes;"+4 стула Асти";No;+12483;
